South Brunswick Township, New Jersey, United States
Cherry Hill, New Jersey, United States
Sea Cliff, NY, US
Palo Alto, California, United States
San Antonio, Texas, United States
India
Springfield, Massachusetts, United States
Nashville, Tennessee, United States
College Park, Maryland, United States
Ann Arbor, Michigan, United States
Boston, Massachusetts, United States
Elmwood Park, New Jersey, United States
New Haven, Connecticut, United States
West Windsor Township, New Jersey, United States
Woodbridge Township, New Jersey, United States
Philadelphia, Pennsylvania, United States
Waterloo, Ontario, Canada
Blacksburg, Virginia, United States
Philadelphia, Pennsylvania, United States
College Park, Maryland, United States
Zurich, Canton of Zurich, Switzerland
Philadelphia, Pennsylvania, United States
Potomac, Maryland, United States
Bristol, PA, US
Boston, Massachusetts, United States
Pittsburgh, Pennsylvania, United States
Philadelphia, Pennsylvania, United States
Cupertino, California, United States
Needham, Massachusetts, United States
New York, New York, United States
Philadelphia, Pennsylvania, United States
Pittsburgh, Pennsylvania, United States
Kent, Ohio, United States
Durham, North Carolina, United States
San Francisco, California, United States
Los Angeles, California, United States
Palo Alto, California, United States
Philadelphia, Pennsylvania, United States
Ashburn, Virginia, United States
Pittsburgh, Pennsylvania, United States
Pittsburgh, Pennsylvania, United States
New York, New York, United States
Champaign, Illinois, United States
Philadelphia, Pennsylvania, United States
Philadelphia, Pennsylvania, United States
Ewing Township, New Jersey, United States
Urbana, Illinois, United States
State College, Pennsylvania, United States
Pittsburgh, Pennsylvania, United States
Cambridge, Massachusetts, United States
Ithaca, New York, United States
Pittsburgh, Pennsylvania, United States
San Jose, California, United States
Philadelphia, Pennsylvania, United States
College Park, Maryland, United States
Pittsburgh, Pennsylvania, United States
Ashland, Oregon, United States
Pittsburgh, Pennsylvania, United States
Fremont, California, United States
Austin, Texas, United States
Menlo Park, California, United States
New Jersey, United States
Philadelphia, Pennsylvania, United States
New York, New York, United States
Edison, New Jersey, United States
Boston, Massachusetts, United States
Blacksburg, Virginia, United States
Philadelphia, Pennsylvania, United States
New York, New York, United States
Philadelphia, Pennsylvania, United States
Fairfax, VA, US
Upper Saddle River, NJ, US
Elizabeth, New Jersey, United States
Orlando, FL, US
Charlottesville, Virginia, United States
Philadelphia, Pennsylvania, United States
Boston, Massachusetts, United States
Laurel, Maryland, United States
Zurich, Canton of Zurich, Switzerland
Atlanta, Georgia, United States
Berlin, Berlin, Germany
San Francisco, California, United States
Pittsburgh, Pennsylvania, United States
Philadelphia, Pennsylvania, United States
South Brunswick Township, NJ, US
Austin, Texas, United States
Philadelphia, Pennsylvania, United States
Dallas, Texas, United States
West Lafayette, Indiana, United States
Philadelphia, Pennsylvania, United States
New York, New York, United States
Philadelphia, Pennsylvania, United States
Philadelphia, Pennsylvania, United States
Boulder, Colorado, United States
College Park, Maryland, United States
Pittsburgh, Pennsylvania, United States
Philadelphia, Pennsylvania, United States
San Diego, California, United States
Boston, Massachusetts, United States
Cambridge, Massachusetts, United States
New York, New York, United States
New York, New York, United States
South Brunswick Township, NJ, US
Pittsburgh, Pennsylvania, United States
Philadelphia, Pennsylvania, United States
Philadelphia, PA, US
New York, New York, United States
San Francisco, California, United States
Charlottesville, Virginia, United States
Palo Alto, California, United States
Blacksburg, VA, US
Philadelphia, Pennsylvania, United States
Pittsburgh, Pennsylvania, United States
Philadelphia, Pennsylvania, United States
Washington, District of Columbia, United States
Canfield, OH, US
Philadelphia, Pennsylvania, United States
Philadelphia, Pennsylvania, United States
Philadelphia, Pennsylvania, United States
Youngstown, Ohio, United States
Boca Raton, Florida, United States
Chicago, Illinois, United States
Blacksburg, Virginia, United States
Chicago, Illinois, United States
Bay City, Michigan, United States
Austin, Texas, United States
Cincinnati, Ohio, United States
Seattle, Washington, United States
Waterloo, Ontario, Canada
Pittsburgh, Pennsylvania, United States
Boston, Massachusetts, United States
Ithaca, New York, United States
Pittsburgh, Pennsylvania, United States
Delaware, United States
South Hadley, Massachusetts, United States
Troy, New York, United States
New York, New York, United States
Philadelphia, Pennsylvania, United States
San Francisco, California, United States
Austin, Texas, United States
Iowa City, Iowa, United States
Pittsburgh, Pennsylvania, United States
Philadelphia, Pennsylvania, United States
Rochester, New York, United States
Ridgefield, Connecticut, United States
Durham, North Carolina, United States
Philadelphia, Pennsylvania, United States
Palo Alto, California, United States
Pittsburgh, Pennsylvania, United States
Somerville, Massachusetts, United States
San Francisco, California, United States
Urbana, Illinois, United States
Tucson, Arizona, United States
New York, New York, United States
Waterloo, Ontario, Canada
Philadelphia, Pennsylvania, United States
Binghamton, New York, United States
Buffalo, New York, United States
Cambridge, Massachusetts, United States
Philadelphia, Pennsylvania, United States
Philadelphia, Pennsylvania, United States
Cambridge, Massachusetts, United States
Atlanta, Georgia, United States
New York, New York, United States
Pittsburgh, Pennsylvania, United States
Ithaca, New York, United States
New York, New York, United States
Toronto, Ontario, Canada
Toronto, Ontario, Canada
Pittsburgh, Pennsylvania, United States
Providence, Rhode Island, United States
Philadelphia, Pennsylvania, United States
Nacogdoches, Texas, United States
Philadelphia, Pennsylvania, United States
Lansdale, Pennsylvania, United States
Totowa, NJ, US
Ithaca, New York, United States
Toronto, Ontario, Canada
Washington, District of Columbia, United States
Kent, Ohio, United States
Ann Arbor, Michigan, United States
Dallas, Texas, United States
Toronto, ON, CA
Baltimore, Maryland, United States
Howell, NJ, US
Philadelphia, Pennsylvania, United States
Philadelphia, Pennsylvania, United States
Pittsburgh, Pennsylvania, United States
Philadelphia, Pennsylvania, United States
Berkeley, California, United States
Washington, District of Columbia, United States
Philadelphia, Pennsylvania, United States
Pittsburgh, Pennsylvania, United States
College Park, Maryland, United States
South River, New Jersey, United States
Berkeley, California, United States
Boston, Massachusetts, United States
Texas, United States
Philadelphia, Pennsylvania, United States
Los Angeles, California, United States
Los Angeles, California, United States
New York, New York, United States
San Jose, California, United States
Ann Arbor, Michigan, United States
Parsippany-Troy Hills, NJ, US
Stony Brook, New York, United States
Philadelphia, Pennsylvania, United States
Buffalo, New York, United States
Berkeley, California, United States
Princeton, New Jersey, United States
Zurich, Canton of Zurich, Switzerland
Waterloo, Ontario, Canada
Philadelphia, Pennsylvania, United States
Bryn Athyn, PA, US
Glassboro, New Jersey, United States
Chapel Hill, North Carolina, United States
Exton, Pennsylvania, United States
Urbana, Illinois, United States
Davis, California, United States
West Lafayette, Indiana, United States
Providence, Rhode Island, United States
Philadelphia, Pennsylvania, United States
West Lafayette, Indiana, United States
Waterloo, Ontario, Canada
San Jose, California, United States
Pittsburgh, Pennsylvania, United States
Providence, Rhode Island, United States
Pittsburgh, Pennsylvania, United States
Los Angeles, California, United States
Austin, Texas, United States
Notre Dame, Indiana, United States
Hackensack, New Jersey, United States
Hudson, Massachusetts, United States
Toronto, Ontario, Canada
Charlottesville, Virginia, United States
Stuttgart, Baden-Wurttemberg, Germany
Amsterdam, North Holland, The Netherlands
Piscataway Township, New Jersey, United States
Aarhus, Central Denmark Region, DK
Durham, North Carolina, United States
Atlanta, Georgia, United States
Zurich, Canton of Zurich, Switzerland
Philadelphia, Pennsylvania, United States
Ann Arbor, Michigan, United States
Philadelphia, Pennsylvania, United States
Toronto, Ontario, Canada
Philadelphia, Pennsylvania, United States
Pittsburgh, Pennsylvania, United States
Toronto, Ontario, Canada
Johannesburg, Gauteng, South Africa
Miami, Florida, United States
Orangeburg, South Carolina, United States
Closter, New Jersey, United States
State College, Pennsylvania, United States
Philadelphia, Pennsylvania, United States
Stony Brook, New York, United States
Dallas, Texas, United States
Rochester, New York, United States
Houston, Texas, United States
Chicago, Illinois, United States
New York, New York, United States
Philadelphia, Pennsylvania, United States
Barcelona, CT, ES
Philadelphia, Pennsylvania, United States
Philadelphia, Pennsylvania, United States
Washington, D.C., District of Columbia, United States
Philadelphia, Pennsylvania, United States
Philadelphia, Pennsylvania, United States
Houston, Texas, United States
Baltimore, Maryland, United States
Philadelphia, Pennsylvania, United States
Kent, Ohio, United States
New York, New York, United States
Boston, Massachusetts, United States
College Station, Texas, United States
Philadelphia, Pennsylvania, United States
Los Angeles, California, United States
College Park, MD, US
New Jersey, United States
Toronto, Ontario, Canada
Urbana, Illinois, United States
Philadelphia, Pennsylvania, United States
Philadelphia, Pennsylvania, United States
Rochester, New York, United States
Palisades Park, New Jersey, United States
New York, New York, United States
Toronto, Ontario, Canada
San Francisco, California, United States
Atlanta, Georgia, United States
Mount Laurel, New Jersey, United States
Nashville, Tennessee, United States
New York, New York, United States
New Haven, Connecticut, United States
Palo Alto, California, United States
New York, New York, United States
Chicago, Illinois, United States
Philadelphia, Pennsylvania, United States
Berkeley, California, United States
Philadelphia, Pennsylvania, United States
Chapel Hill, North Carolina, United States
San Francisco, California, United States
New Brunswick, New Jersey, United States
Philadelphia, Pennsylvania, United States
Philadelphia, Pennsylvania, United States
Philadelphia, Pennsylvania, United States
Pittsburgh, Pennsylvania, United States
Philadelphia, Pennsylvania, United States
Waterloo, Ontario, Canada
Metuchen, New Jersey, United States
Philadelphia, Pennsylvania, United States
Bremen, Bremen, Germany
Boston, Massachusetts, United States
Chicago, Illinois, United States
New York, New York, United States
Stanford, California, United States
Washington, District of Columbia, United States
College Park, Maryland, United States
Stony Brook, New York, United States
Washington, District of Columbia, United States
Washington, District of Columbia, United States
New York, New York, United States
Toronto, Ontario, Canada
Philadelphia, Pennsylvania, United States
Middletown, Connecticut, United States
Ithaca, New York, United States
New Haven, Connecticut, United States
Philadelphia, Pennsylvania, United States
Singapore
Madison, Wisconsin, United States
Chicopee, Massachusetts, United States
Stony Brook, New York, United States
York, Pennsylvania, United States
Philadelphia, Pennsylvania, United States
Philadelphia, Pennsylvania, United States
Ambler, Pennsylvania, United States
Charlottesville, Virginia, United States
New York, New York, United States
Orange, California, United States
Boston, Massachusetts, United States
Philadelphia, Pennsylvania, United States
Fairfax, Virginia, United States
New Haven, Connecticut, United States
Philadelphia, Pennsylvania, United States
Philadelphia, Pennsylvania, United States
Philadelphia, Pennsylvania, United States
Tenafly, New Jersey, United States
Hong Kong Island, Hong Kong
Old Tappan, NJ, US
New York, New York, United States
Basel, Basel-Stadt, Switzerland
Philadelphia, Pennsylvania, United States
Ashburn, Virginia, United States
Franklin Township, New Jersey, United States
Kent, Ohio, United States
New York, New York, United States
Waterloo, Ontario, Canada
Philadelphia, Pennsylvania, United States
Philadelphia, Pennsylvania, United States
Berkeley, California, United States
Washington, District of Columbia, United States
Stony Brook, New York, United States
Philadelphia, Pennsylvania, United States
Philadelphia, Pennsylvania, United States
Atlanta, Georgia, United States
Highland Park, New Jersey, United States
Toronto, Ontario, Canada
Toronto, Ontario, Canada
Philadelphia, Pennsylvania, United States
Los Angeles, California, United States
Kennett Square, PA, US
Montreal, Quebec, Canada
New York, New York, United States
Boston, Massachusetts, United States
Philadelphia, Pennsylvania, United States
Philadelphia, Pennsylvania, United States
Providence, Rhode Island, United States
Providence, Rhode Island, United States
Philadelphia, Pennsylvania, United States
Philadelphia, Pennsylvania, United States
Blacksburg, Virginia, United States
Pittsburgh, Pennsylvania, United States
Pittsburgh, Pennsylvania, United States
Philadelphia, Pennsylvania, United States
Philadelphia, Pennsylvania, United States
Cupertino, California, United States
College Park, Maryland, United States
United States
Seattle, Washington, United States
Cupertino, California, United States
Philadelphia, Pennsylvania, United States
Philadelphia, Pennsylvania, United States
Philadelphia, Pennsylvania, United States
Palo Alto, California, United States
Ithaca, New York, United States
New Brunswick, New Jersey, United States
California, United States
Edison, New Jersey, United States
Charlottesville, Virginia, United States
San Jose, California, United States
Philadelphia, Pennsylvania, United States
Pittsburgh, Pennsylvania, United States
State College, PA, US
Toronto, Ontario, Canada
New Brunswick, New Jersey, United States
Charlottesville, Virginia, United States
Washington, D.C., District of Columbia, United States
Montreal, Quebec, Canada
Philadelphia, Pennsylvania, United States
Waterloo, Ontario, Canada
Philadelphia, Pennsylvania, United States
New York, New York, United States
Pittsburgh, Pennsylvania, United States
Sunnyvale, California, United States
Philadelphia, Pennsylvania, United States
Montreal, Quebec, Canada
Santa Cruz, California, United States
Troy, New York, United States
Exton, Pennsylvania, United States
Palo Alto, California, United States
New Brunswick, New Jersey, United States
Ithaca, New York, United States
Ramsey, NJ, US
Cherry Hill, New Jersey, United States
Philadelphia, Pennsylvania, United States
Toronto, Ontario, Canada
Toronto, Ontario, Canada
Ann Arbor, Michigan, United States
Pittsburgh, Pennsylvania, United States
Philadelphia, Pennsylvania, United States
Edison, New Jersey, United States
Sydney, New South Wales, Australia
Philadelphia, Pennsylvania, United States
Princeton, New Jersey, United States
Stony Brook, New York, United States
Philadelphia, Pennsylvania, United States
Blacksburg, Virginia, United States
Philadelphia, Pennsylvania, United States
Copley, OH, US
Ann Arbor, Michigan, United States
Kent, Ohio, United States
Herndon, Virginia, United States
South Brunswick Township, New Jersey, United States
Philadelphia, Pennsylvania, United States
New Jersey, United States
New York, New York, United States
Boston, Massachusetts, United States
Philadelphia, Pennsylvania, United States
Boston, Massachusetts, United States
Windsor, Ontario, Canada
Toronto, Ontario, Canada
New York, New York, United States
New Brunswick, New Jersey, United States
Pittsburgh, Pennsylvania, United States
Boston, Massachusetts, United States
Blacksburg, Virginia, United States
College Park, Maryland, United States
Troy, New York, United States
Philadelphia, Pennsylvania, United States
Stony Brook, New York, United States
Redwood City, California, United States
Providence, Rhode Island, United States
Boston, Massachusetts, United States
Ann Arbor, Michigan, United States
Philadelphia, Pennsylvania, United States
Pittsburgh, Pennsylvania, United States
Toronto, Ontario, Canada
Philadelphia, Pennsylvania, United States
Boston, Massachusetts, United States
San Jose, California, United States
Ithaca, New York, United States
Salisbury, MD, US
Philadelphia, Pennsylvania, United States
Philadelphia, Pennsylvania, United States
Iowa City, Iowa, United States
Ithaca, New York, United States
New York, New York, United States
Holbrook, New York, United States
Williamsburg, Virginia, United States
Boston, Massachusetts, United States
Singapore
Pittsburgh, Pennsylvania, United States
Houston, Texas, United States
Dallas, Texas, United States
Urbana, Illinois, United States
College Park, Maryland, United States
Ann Arbor, Michigan, United States
Ithaca, New York, United States
Concord, Massachusetts, United States
New York, New York, United States
Givatayim, Israel
State College, Pennsylvania, United States
Los Angeles, California, United States
New York, New York, United States
New Brunswick, New Jersey, United States
Troy, New York, United States
Philadelphia, Pennsylvania, United States
Philadelphia, Pennsylvania, United States
Philadelphia, Pennsylvania, United States
Potomac, Maryland, United States
San Jose, California, United States
New York, New York, United States
New Jersey, United States
Philadelphia, Pennsylvania, United States
Wind Gap, PA, US
West Lafayette, Indiana, United States
Binghamton, NY, US
Toronto, Ontario, Canada
Los Angeles, California, United States
Pittsburgh, Pennsylvania, United States
Austin, Texas, United States
Berkeley, California, United States
Philadelphia, Pennsylvania, United States
Zurich, Canton of Zurich, Switzerland
San Francisco, California, United States
Philadelphia, Pennsylvania, United States
Old Tappan, NJ, US
College Station, Texas, United States
Downingtown, PA, US
Atlanta, Georgia, United States
Orlando, Florida, United States
Marlboro Township, New Jersey, United States
Ashburn, Virginia, United States
Blacksburg, Virginia, United States
New York, New York, United States
Philadelphia, Pennsylvania, United States
Pittsburgh, Pennsylvania, United States
College Park, Maryland, United States
San Jose, California, United States
Cincinnati, Ohio, United States
Piscataway Township, New Jersey, United States
Philadelphia, Pennsylvania, United States
Minneapolis, Minnesota, United States
Falls Church, Virginia, United States
Waterloo, Ontario, Canada
Des Moines, Iowa, United States
Philadelphia, Pennsylvania, United States
Toronto, ON, CA
Montreal, Quebec, Canada
Philadelphia, Pennsylvania, United States
Toronto, Ontario, Canada
Philadelphia, Pennsylvania, United States
Philadelphia, Pennsylvania, United States
Annandale, Virginia, United States
West Lafayette, Indiana, United States
New York, New York, United States
New York, New York, United States
Palo Alto, California, United States
Urbana, Illinois, United States
Pittsburgh, Pennsylvania, United States
Philadelphia, Pennsylvania, United States
New York, New York, United States
Vancouver, British Columbia, Canada
Philadelphia, Pennsylvania, United States
Philadelphia, Pennsylvania, United States
Boston, Massachusetts, United States
Rochester, New York, United States
San Jose, California, United States
New York, New York, United States
Philadelphia, Pennsylvania, United States
Piedmont, California, United States
Philadelphia, Pennsylvania, United States
Charleston, South Carolina, United States
Philadelphia, Pennsylvania, United States
Troy, New York, United States
Philadelphia, Pennsylvania, United States
Philadelphia, Pennsylvania, United States
Philadelphia, Pennsylvania, United States
Pittsburgh, Pennsylvania, United States
Cleveland, Ohio, United States
Redmond, Washington, United States
Philadelphia, Pennsylvania, United States
Philadelphia, Pennsylvania, United States
Philadelphia, Pennsylvania, United States
Philadelphia, Pennsylvania, United States
New Jersey, United States
Philadelphia, Pennsylvania, United States
Pittsburgh, Pennsylvania, United States
Boston, Massachusetts, United States
Montreal, Quebec, Canada
San Francisco, California, United States
Waterloo, Ontario, Canada
Los Angeles, California, United States
Philadelphia, Pennsylvania, United States
Socorro, NM, US
New York, New York, United States
Ithaca, New York, United States
Seattle, Washington, United States
Herndon, Virginia, United States
Washington, District of Columbia, United States
Princeton, New Jersey, United States
Philadelphia, Pennsylvania, United States
Philadelphia, Pennsylvania, United States
Philadelphia, Pennsylvania, United States
New Haven, Connecticut, United States
Philadelphia, Pennsylvania, United States
New York, New York, United States
Atlanta, Georgia, United States
Pittsburgh, Pennsylvania, United States
Philadelphia, Pennsylvania, United States
Ann Arbor, Michigan, United States
Wyckoff, New Jersey, United States
Philadelphia, Pennsylvania, United States
Louisville, Kentucky, United States
New Brunswick, New Jersey, United States
San Francisco, California, United States
Philadelphia, Pennsylvania, United States
Pittsburgh, Pennsylvania, United States
Pittsburgh, Pennsylvania, United States
Philadelphia, Pennsylvania, United States
New York, New York, United States
Philadelphia, Pennsylvania, United States
Chicago, Illinois, United States
Philadelphia, Pennsylvania, United States
New Haven, Connecticut, United States
Philadelphia, Pennsylvania, United States
Sunnyvale, California, United States
Fremont, California, United States
Pittsburgh, Pennsylvania, United States
Bethlehem, Pennsylvania, United States
Yeadon, PA, US
Singapore
Philadelphia, Pennsylvania, United States
Blacksburg, Virginia, United States
San Francisco, California, United States
Waterloo, Ontario, Canada
San Francisco, California, United States
Rochester, New York, United States
Atlanta, Georgia, United States
Berkeley, California, United States
Philadelphia, Pennsylvania, United States
Singapore
Philadelphia, Pennsylvania, United States
Providence, Rhode Island, United States
Philadelphia, Pennsylvania, United States
Philadelphia, Pennsylvania, United States
Philadelphia, Pennsylvania, United States
Philadelphia, Pennsylvania, United States
College Park, Maryland, United States
Philadelphia, Pennsylvania, United States
Austin, Texas, United States
Philadelphia, Pennsylvania, United States
Ithaca, New York, United States
Boston, Massachusetts, United States
Houston, Texas, United States
Dallas, Texas, United States
New York, New York, United States
Cupertino, California, United States
New Haven, Connecticut, United States
College Park, Maryland, United States
Pittsburgh, Pennsylvania, United States
Princeton, New Jersey, United States
Stanford, California, United States
Philadelphia, Pennsylvania, United States
Armonk, NY, US
Waterloo, Ontario, Canada
Philadelphia, Pennsylvania, United States
Philadelphia, Pennsylvania, United States
San Jose, California, United States
Iowa City, Iowa, United States
Madison, Wisconsin, United States
State College, Pennsylvania, United States
Union, New Jersey, United States
Ewing Township, New Jersey, United States
Philadelphia, Pennsylvania, United States
Philadelphia, Pennsylvania, United States
Montreal, Quebec, Canada
Ann Arbor, Michigan, United States
New York, New York, United States
Binghamton, New York, United States
Pittsburgh, Pennsylvania, United States
Rochester, New York, United States
Palo Alto, California, United States
Philadelphia, Pennsylvania, United States
Pittsburgh, Pennsylvania, United States
Boston, Massachusetts, United States
Palo Alto, California, United States
Philadelphia, Pennsylvania, United States
Philadelphia, Pennsylvania, United States
Medford, Massachusetts, United States
Los Angeles, CA, US
Los Angeles, California, United States
Bedford, New York, United States
Great Falls, Virginia, United States
Pittsburgh, Pennsylvania, United States
Fairfax, Virginia, United States
Pittsburgh, Pennsylvania, United States
Philadelphia, Pennsylvania, United States
New York, New York, United States
Texas, United States
Cambridge, Massachusetts, United States
Rotterdam, ZH, NL
Pittsburgh, Pennsylvania, United States
New York, New York, United States
New York, New York, United States
Bergen County, NJ, US
Terre Haute, Indiana, United States
Stanford, California, United States
Philadelphia, Pennsylvania, United States
New York, New York, United States
Atlanta, Georgia, United States
Philadelphia, Pennsylvania, United States
Philadelphia, Pennsylvania, United States
Philadelphia, Pennsylvania, United States
Cupertino, California, United States
Philadelphia, Pennsylvania, United States
Waterloo, Ontario, Canada
Los Angeles, California, United States
Waterloo, Ontario, Canada
Philadelphia, Pennsylvania, United States
Boston, Massachusetts, United States
Philadelphia, Pennsylvania, United States
San Jose, California, United States
San Francisco, California, United States
Providence, Rhode Island, United States
Philadelphia, Pennsylvania, United States
Fremont, California, United States
Toronto, Ontario, Canada
New Haven, Connecticut, United States
Ewing Township, New Jersey, United States
Philadelphia, Pennsylvania, United States
San Antonio, Texas, United States
Nashville, Tennessee, United States
Troy, New York, United States
Philadelphia, Pennsylvania, United States
Washington, District of Columbia, United States
Atlanta, Georgia, United States
Montreal, Quebec, Canada
North Vancouver, British Columbia, Canada
Toronto, Ontario, Canada
Claremont, California, United States
Edison, New Jersey, United States
Blacksburg, Virginia, United States
Pittsburgh, Pennsylvania, United States
College Park, Maryland, United States
Austin, Texas, United States
New York, New York, United States
Pittsburgh, Pennsylvania, United States
Toronto, Ontario, Canada
Philadelphia, Pennsylvania, United States
Providence, Rhode Island, United States
Leonia, New Jersey, United States
Troy, New York, United States
Los Angeles, California, United States
Montreal, Quebec, Canada
Stanford, California, United States
Waterloo, Ontario, Canada
Toronto, Ontario, Canada
Los Angeles, California, United States
Holmdel, New Jersey, United States
Baltimore, Maryland, United States
Philadelphia, Pennsylvania, United States
Atlanta, Georgia, United States
Edison, New Jersey, United States
Wood-Ridge, NJ, US
Philadelphia, Pennsylvania, United States
Pittsburgh, Pennsylvania, United States
College Park, Maryland, United States
Charlottesville, Virginia, United States
Austin, Texas, United States
Philadelphia, Pennsylvania, United States
New York, NY, US
New Jersey, United States
Ewing Township, New Jersey, United States
Boston, Massachusetts, United States
Philadelphia, Pennsylvania, United States
Philadelphia, Pennsylvania, United States
Rochester, New York, United States
Waterloo, Ontario, Canada
Philadelphia, Pennsylvania, United States
Columbus, Ohio, United States
New York, New York, United States
Downingtown, PA, US
Pittsburgh, Pennsylvania, United States
Berkeley, California, United States
Ithaca, New York, United States
Pittsburgh, Pennsylvania, United States
United States
Minneapolis, Minnesota, United States
Philadelphia, Pennsylvania, United States
New York, New York, United States
Boston, Massachusetts, United States
Philadelphia, Pennsylvania, United States
Singapore
Stamford, Connecticut, United States
Austin, Texas, United States
Philadelphia, Pennsylvania, United States
Pittsburgh, Pennsylvania, United States
Maryland, United States
Philadelphia, Pennsylvania, United States
Boston, Massachusetts, United States
Woodbridge Township, New Jersey, United States
Tempe, Arizona, United States
Madison, Wisconsin, United States
College Park, Maryland, United States
Philadelphia, Pennsylvania, United States
Bethesda, Maryland, United States
Brazos County, TX, US
Ann Arbor, Michigan, United States
Pittsburgh, Pennsylvania, United States
Philadelphia, Pennsylvania, United States
Atlanta, Georgia, United States
Toronto, Ontario, Canada
Ithaca, New York, United States
New York, New York, United States
Boston, Massachusetts, United States
Los Angeles, California, United States
Philadelphia, Pennsylvania, United States
Worcester, Massachusetts, United States
College Park, Maryland, United States
Philadelphia, Pennsylvania, United States
Troy, New York, United States
Pittsburgh, Pennsylvania, United States
New Haven, Connecticut, United States
Berkeley, California, United States
Philadelphia, Pennsylvania, United States
Waterloo, Ontario, Canada
Waterloo, Ontario, Canada
Philadelphia, Pennsylvania, United States
Ithaca, New York, United States
Atlanta, Georgia, United States
College Park, Maryland, United States
Millburn, New Jersey, United States
Waterloo, ON, CA
Richmond, Virginia, United States
New York, New York, United States
Sunnyvale, California, United States
San Francisco, California, United States
Philadelphia, Pennsylvania, United States
New York, New York, United States
Philadelphia, Pennsylvania, United States
Philadelphia, Pennsylvania, United States
Atlanta, Georgia, United States
Upper Darby, Pennsylvania, United States
San Diego, California, United States
Massachusetts, United States
Orlando, Florida, United States
Boston, Massachusetts, United States
East Amherst, New York, United States
Berkeley, California, United States
Stony Brook, New York, United States
College Park, Maryland, United States
Pittsburgh, Pennsylvania, United States
Cupertino, California, United States
Charlottesville, Virginia, United States
San Francisco, California, United States
Pittsburgh, Pennsylvania, United States
Washington, District of Columbia, United States
Ann Arbor, Michigan, United States
Philadelphia, Pennsylvania, United States
West Lafayette, Indiana, United States
Philadelphia, Pennsylvania, United States
Champaign, Illinois, United States
Los Angeles, California, United States
Pittsburgh, Pennsylvania, United States
New Delhi, Delhi, India
New York, New York, United States
Toronto, Ontario, Canada
Bryn Mawr, Pennsylvania, United States
Urbana, Illinois, United States
Bethesda, Maryland, United States
New York, New York, United States
Los Angeles, California, United States
Philadelphia, Pennsylvania, United States
Durham, North Carolina, United States
Philadelphia, Pennsylvania, United States
Stanford, California, United States
New York, New York, United States
Los Angeles, California, United States
Philadelphia, Pennsylvania, United States
New York, New York, United States
Rochester, New York, United States
Toronto, Ontario, Canada
New Delhi, Delhi, India
College Park, Maryland, United States
Fremont, California, United States
New York, New York, United States
New York, New York, United States
Chicago, Illinois, United States
Boston, Massachusetts, United States
San Jose, California, United States
Boston, Massachusetts, United States
Cherry Hill, New Jersey, United States
Ithaca, New York, United States
Atlanta, Georgia, United States
Tenafly, New Jersey, United States
College Park, Maryland, United States
Pittsburgh, Pennsylvania, United States
Philadelphia, Pennsylvania, United States
Pittsburgh, Pennsylvania, United States
Philadelphia, Pennsylvania, United States
Waterloo, Ontario, Canada
Waterloo, Ontario, Canada
Cupertino, California, United States
Cambridge, Massachusetts, United States
College Park, Maryland, United States
College Park, Maryland, United States
Montreal, Quebec, Canada
Houston, Texas, United States
Berkeley, California, United States
Princeton, New Jersey, United States
Philadelphia, Pennsylvania, United States
Philadelphia, Pennsylvania, United States
Ypsilanti, Michigan, United States
Philadelphia, Pennsylvania, United States
College Park, Maryland, United States
St. Louis, Missouri, United States
Washington, District of Columbia, United States
Philadelphia, Pennsylvania, United States
Philadelphia, Pennsylvania, United States
Philadelphia, Pennsylvania, United States
Kent, Ohio, United States
New York, New York, United States
Ashburn, Virginia, United States
Markham, Ontario, Canada
San Francisco, California, United States
Berkeley, California, United States
Philadelphia, Pennsylvania, United States
Plano, Texas, United States
Pittsburgh, Pennsylvania, United States
Seattle, Washington, United States
Philadelphia, Pennsylvania, United States
Philadelphia, Pennsylvania, United States
Philadelphia, PA, US
Pittsburgh, Pennsylvania, United States
Toronto, Ontario, Canada
Philadelphia, Pennsylvania, United States
New York, New York, United States
Baltimore, Maryland, United States
Philadelphia, Pennsylvania, United States
Evanston, Illinois, United States
Seattle, Washington, United States
Mountain View, California, United States
Stanford, California, United States
Pittsburgh, Pennsylvania, United States
Denver, Colorado, United States
Philadelphia, Pennsylvania, United States
Maastricht, LI, NL
Philadelphia, Pennsylvania, United States
Los Angeles, California, United States
Philadelphia, Pennsylvania, United States
Houston, Texas, United States
Philadelphia, Pennsylvania, United States
Montreal, Quebec, Canada
Philadelphia, Pennsylvania, United States
Toronto, Ontario, Canada
Philadelphia, Pennsylvania, United States
Philadelphia, Pennsylvania, United States
West Windsor Township, New Jersey, United States
Houston, Texas, United States
Philadelphia, Pennsylvania, United States
Vienna, Virginia, United States
Egg Harbor Township, NJ, US
Houston, Texas, United States
New York, New York, United States
Cambridge, Massachusetts, United States
Seattle, Washington, United States
Chapel Hill, North Carolina, United States
Austin, Texas, United States
Philadelphia, Pennsylvania, United States
Waterloo, Ontario, Canada
Philadelphia, Pennsylvania, United States
New Haven, Connecticut, United States
Philadelphia, Pennsylvania, United States
Philadelphia, Pennsylvania, United States
Los Angeles, California, United States
Philadelphia, Pennsylvania, United States
Philadelphia, Pennsylvania, United States
West Windsor Township, New Jersey, United States
Philadelphia, Pennsylvania, United States
Somerville, Massachusetts, United States
Philadelphia, Pennsylvania, United States
Toronto, Ontario, Canada
Cherry Hill, New Jersey, United States
Upper Saddle River, NJ, US
Providence, Rhode Island, United States
Philadelphia, Pennsylvania, United States
Herndon, Virginia, United States
Chicago, Illinois, United States
New York, New York, United States
Vienna, Virginia, United States
Philadelphia, Pennsylvania, United States
Austin, Texas, United States
Cherry Hill, New Jersey, United States
Chicago, Illinois, United States
Pittsburgh, Pennsylvania, United States
Philadelphia, Pennsylvania, United States
Bryn Athyn, PA, US
Los Angeles, California, United States
Ithaca, New York, United States
Stanford, California, United States
Buffalo, New York, United States
Philadelphia, Pennsylvania, United States
Princeton, New Jersey, United States
Annapolis, Maryland, United States
Mississauga, Ontario, Canada
Ewing Township, New Jersey, United States
Cambridge, Massachusetts, United States
Toronto, Ontario, Canada
Rydal, PA, US
Bernards, New Jersey, United States
Philadelphia, Pennsylvania, United States
Toronto, Ontario, Canada
Pittsburgh, Pennsylvania, United States
Stanford, California, United States
San Francisco, California, United States
Pittsburgh, Pennsylvania, United States
Plainsboro Township, New Jersey, United States
Melville, New York, United States
Philadelphia, Pennsylvania, United States
Washington, District of Columbia, United States
Zurich, Canton of Zurich, Switzerland
Claremont, California, United States
South Brunswick Township, NJ, US
Lexington, Massachusetts, United States
Boston, Massachusetts, United States
Canada
Glassboro, New Jersey, United States
Philadelphia, Pennsylvania, United States
Zurich, Canton of Zurich, Switzerland
Toronto, Ontario, Canada
Cambridge, Ontario, Canada
Philadelphia, Pennsylvania, United States
Israel
Binghamton, New York, United States
Glen Rock, New Jersey, United States
Worcester, Massachusetts, United States
Waterloo, Ontario, Canada
Philadelphia, Pennsylvania, United States
Cambridge, MA, US
Pittsburgh, Pennsylvania, United States
New York, New York, United States
Durham, North Carolina, United States
College Park, Maryland, United States
Singapore
Toronto, Ontario, Canada
East Lansing, Michigan, United States
New York, New York, United States
New York, New York, United States
Philadelphia, Pennsylvania, United States
Pittsburgh, Pennsylvania, United States
Princeton, New Jersey, United States
Atlanta, Georgia, United States
San Jose, California, United States
Hillsborough Township, New Jersey, United States
Philadelphia, Pennsylvania, United States
Omaha, Nebraska, United States
Philadelphia, Pennsylvania, United States
San Mateo, California, United States
Waterloo, Ontario, Canada
Philadelphia, Pennsylvania, United States
Toronto, Ontario, Canada
Maryland, United States
Ewing Township, New Jersey, United States
Philadelphia, Pennsylvania, United States
Durham, North Carolina, United States
Philadelphia, Pennsylvania, United States
Philadelphia, Pennsylvania, United States
Philadelphia, Pennsylvania, United States
New Brunswick, New Jersey, United States
Philadelphia, Pennsylvania, United States
Houston, Texas, United States
Philadelphia, Pennsylvania, United States
Pittsburgh, Pennsylvania, United States
Philadelphia, Pennsylvania, United States
Philadelphia, Pennsylvania, United States
Stanford, California, United States
Los Angeles, California, United States
New York, New York, United States
San Francisco, California, United States
New York, NY, US
Washington, D.C., District of Columbia, United States
Boston, Massachusetts, United States
Waterloo, Ontario, Canada
Philadelphia, Pennsylvania, United States
College Park, Maryland, United States
Waterloo, Ontario, Canada
Santa Clara, California, United States
Waterloo, Ontario, Canada
Philadelphia, Pennsylvania, United States
Clinton, NJ, US
Willoughby, OH, US
Lexington, Kentucky, United States
Atlanta, Georgia, United States
Montreal, Quebec, Canada
Somerville, Massachusetts, United States
Cherry Hill, NJ, US
Philadelphia, Pennsylvania, United States
Ithaca, New York, United States
Philadelphia, Pennsylvania, United States
Annandale, Virginia, United States
West Chester, Pennsylvania, United States
Philadelphia, Pennsylvania, United States
Toronto, Ontario, Canada
West Lafayette, Indiana, United States
Los Angeles, California, United States
Cupertino, California, United States
Philadelphia, Pennsylvania, United States
Austin, Texas, United States
San Francisco, California, United States
Toronto, Ontario, Canada
Philadelphia, Pennsylvania, United States
Cambridge, Massachusetts, United States
Philadelphia, Pennsylvania, United States
Boston, Massachusetts, United States
Blacksburg, Virginia, United States
Philadelphia, Pennsylvania, United States
Baltimore, Maryland, United States
Los Angeles, California, United States
San Francisco, California, United States
Germantown, Maryland, United States
Ann Arbor, Michigan, United States
Jackson, Mississippi, United States
Stony Brook, New York, United States
Philadelphia, Pennsylvania, United States
New York, New York, United States
College Park, Maryland, United States
Pittsburgh, Pennsylvania, United States
Perth Amboy, New Jersey, United States
New York, New York, United States
Blacksburg, Virginia, United States
New Brunswick, New Jersey, United States
Stanford, California, United States
Chapel Hill, North Carolina, United States
Toronto, Ontario, Canada
Troy, New York, United States
Philadelphia, Pennsylvania, United States
Baltimore, Maryland, United States
Los Angeles, California, United States
Boston, Massachusetts, United States
College Park, Maryland, United States
Charlottesville, Virginia, United States
Philadelphia, Pennsylvania, United States
Urbana, Illinois, United States
Houston, Texas, United States
New York, New York, United States
Houston, Texas, United States
Providence, Rhode Island, United States
Williamsburg, Virginia, United States
Tucson, Arizona, United States
Monterrey, Nuevo Leon, Mexico
Urbana, Illinois, United States
Philadelphia, Pennsylvania, United States
Kansas City, Missouri, United States
Mississauga, Ontario, Canada
Pittsburgh, Pennsylvania, United States
New Jersey, United States
New York, New York, United States
New York, New York, United States
Trenton, New Jersey, United States
New Haven, Connecticut, United States
New York, New York, United States
Philadelphia, Pennsylvania, United States
Providence, Rhode Island, United States
Zurich, Canton of Zurich, Switzerland
San Clemente, California, United States
Pleasanton, California, United States
Pittsburgh, Pennsylvania, United States
Buffalo, New York, United States
Barcelona, Catalonia, Spain
Cherry Hill, New Jersey, United States
Waterloo, Ontario, Canada
Tenafly, New Jersey, United States
Ithaca, New York, United States
College Station, Texas, United States
Philadelphia, Pennsylvania, United States
Boston, Massachusetts, United States
College Station, Texas, United States
College Park, Maryland, United States
Bethlehem, Pennsylvania, United States
Cheltenham, PA, US
Kent, Ohio, United States
Wellesley, Massachusetts, United States
Pittsburgh, Pennsylvania, United States
Philadelphia, Pennsylvania, United States
New York, New York, United States
Durham, North Carolina, United States
Blacksburg, Virginia, United States
Austin, Texas, United States
Philadelphia, Pennsylvania, United States
Los Angeles, California, United States
New Brunswick, New Jersey, United States
College Park, Maryland, United States
Philadelphia, Pennsylvania, United States
Evesham Township, New Jersey, United States
Berkeley, California, United States
Woodbridge Township, New Jersey, United States
Santa Clara, California, United States
Stanford, CA, US
Philadelphia, Pennsylvania, United States
Philadelphia, Pennsylvania, United States
New York, New York, United States
New York, New York, United States
New York, New York, United States
West Lafayette, Indiana, United States
Philadelphia, Pennsylvania, United States
Pittsburgh, Pennsylvania, United States
Rochester, New York, United States
Philadelphia, Pennsylvania, United States
New York, New York, United States
Urbana, Illinois, United States
Cambridge, Massachusetts, United States
Baltimore, Maryland, United States
Plainsboro Township, New Jersey, United States
New York, New York, United States
Boston, Massachusetts, United States
College Station, Texas, United States
Ann Arbor, Michigan, United States
Philadelphia, Pennsylvania, United States
New York, New York, United States
Philadelphia, Pennsylvania, United States
Berkeley, California, United States
Philadelphia, Pennsylvania, United States
Atlanta, Georgia, United States
Piscataway Township, New Jersey, United States
Philadelphia, Pennsylvania, United States
Philadelphia, Pennsylvania, United States
Northfield, Minnesota, United States
New York, New York, United States
Los Angeles, California, United States
Philadelphia, Pennsylvania, United States
Madison, Wisconsin, United States
Cupertino, California, United States
Philadelphia, Pennsylvania, United States
Philadelphia, Pennsylvania, United States
New Jersey, United States
Philadelphia, Pennsylvania, United States
New York, New York, United States
Philadelphia, Pennsylvania, United States
Cherry Hill, New Jersey, United States
Pittsburgh, Pennsylvania, United States
Haymarket, Virginia, United States
Los Angeles, California, United States
Rochester, New York, United States
Cambridge, Massachusetts, United States
College Park, Maryland, United States
Princeton, New Jersey, United States
Arlington, Virginia, United States
Pittsburgh, Pennsylvania, United States
Pittsburgh, Pennsylvania, United States
Houston, Texas, United States
New Jersey, United States
Dallas, Texas, United States
Rochester, New York, United States
Philadelphia, Pennsylvania, United States
Floral Park, NY, US
Princeton, New Jersey, United States
Waterloo, Ontario, Canada
College Park, Maryland, United States
Downingtown, PA, US
Waterloo, Ontario, Canada
Palo Alto, California, United States
New Brunswick, New Jersey, United States
Pittsburgh, Pennsylvania, United States
Philadelphia, Pennsylvania, United States
New York, New York, United States
Edison, New Jersey, United States
Pittsburgh, Pennsylvania, United States
Barcelona, Catalonia, Spain
New York, New York, United States
Philadelphia, Pennsylvania, United States
College Park, Maryland, United States
Philadelphia, Pennsylvania, United States
Philadelphia, Pennsylvania, United States
Glassboro, New Jersey, United States
Philadelphia, Pennsylvania, United States
Pittsburgh, Pennsylvania, United States
Philadelphia, Pennsylvania, United States
Cherry Hill, New Jersey, United States
Troy, New York, United States
Princeton, New Jersey, United States
Cambridge, Massachusetts, United States
Philadelphia, Pennsylvania, United States
Ithaca, New York, United States
Boston, Massachusetts, United States
Austin, Texas, United States
Shamong, New Jersey, United States
Waterloo, Ontario, Canada
Houston, Texas, United States
New York, New York, United States
Los Angeles, California, United States
Rochester, New York, United States
Ithaca, New York, United States
Philadelphia, Pennsylvania, United States
Singapore
Washington, D.C., District of Columbia, United States
Madison, Wisconsin, United States
Philadelphia, Pennsylvania, United States
Norfolk, Virginia, United States
San Francisco, California, United States
Berkeley, California, United States
Ames, Iowa, United States
New York, New York, United States
Baltimore, Maryland, United States
Atlanta, Georgia, United States
West Lafayette, Indiana, United States
Atlanta, Georgia, United States
Amherst, Massachusetts, United States
Rochester, New York, United States
New York, New York, United States
Philadelphia, Pennsylvania, United States
Philadelphia, Pennsylvania, United States
Fairborn, Ohio, United States
Madison, Wisconsin, United States
Philadelphia, Pennsylvania, United States
Philadelphia, Pennsylvania, United States
Philadelphia, Pennsylvania, United States
College Station, Texas, United States
Philadelphia, Pennsylvania, United States
Champaign, Illinois, United States
New York, New York, United States
West Bloomfield Township, Michigan, United States
West Lafayette, Indiana, United States
Philadelphia, Pennsylvania, United States
Rochester, New York, United States
Cherry Hill, New Jersey, United States
Washington, D.C., District of Columbia, United States
New York, New York, United States
Boston, Massachusetts, United States
Philadelphia, Pennsylvania, United States
Harrisburg, Pennsylvania, United States
East Brunswick, New Jersey, United States
Washington, District of Columbia, United States
Pittsburgh, Pennsylvania, United States
Baltimore, Maryland, United States
Philadelphia, Pennsylvania, United States
Palo Alto, California, United States
Orlando, Florida, United States
Kent, Ohio, United States
San Francisco, California, United States
New York, New York, United States
New York, New York, United States
New York, New York, United States
Atlanta, Georgia, United States
College Park, Maryland, United States
Montreal, Quebec, Canada
Houston, Texas, United States
South Brunswick Township, NJ, US
Philadelphia, Pennsylvania, United States
Los Angeles, California, United States
Cambridge, Massachusetts, United States
San Mateo, California, United States
Boston, Massachusetts, United States
Atlanta, Georgia, United States
Philadelphia, Pennsylvania, United States
Philadelphia, Pennsylvania, United States
Pittsburgh, Pennsylvania, United States
New York, New York, United States
East Stroudsburg, Pennsylvania, United States
Philadelphia, Pennsylvania, United States
Philadelphia, Pennsylvania, United States
Pittsburgh, Pennsylvania, United States
Tallahassee, Florida, United States
Ann Arbor, Michigan, United States
Westlake, Ohio, United States
Manassas, Virginia, United States
United States
Philadelphia, Pennsylvania, United States
Atlanta, Georgia, United States
Los Angeles, California, United States
Palo Alto, California, United States
Binghamton, New York, United States
Pittsburgh, Pennsylvania, United States
Virginia, United States
Los Angeles, California, United States
Pittsburgh, Pennsylvania, United States
New York, New York, United States
Pittsburgh, Pennsylvania, United States
Markham, Ontario, Canada
Waterloo Regional Municipality, ON, CA
College Park, Maryland, United States
Philadelphia, Pennsylvania, United States
Pennsylvania, United States
Pittsburgh, Pennsylvania, United States
Atlanta, Georgia, United States
Philadelphia, Pennsylvania, United States
San Francisco, California, United States
Philadelphia, Pennsylvania, United States
Mesquite, Texas, United States
Plainsboro Township, New Jersey, United States
Herndon, Virginia, United States
New Brunswick, New Jersey, United States
West Chester, Pennsylvania, United States
Ithaca, New York, United States
New York, New York, United States
Stanford, California, United States
McLean, Virginia, United States
New York, New York, United States
Olney, Maryland, United States
Kent, Ohio, United States
Cupertino, California, United States
Toronto, Ontario, Canada
Bryn Mawr, Pennsylvania, United States
Kent, Ohio, United States
Atlanta, Georgia, United States
Philadelphia, Pennsylvania, United States
Lexington, Kentucky, United States
Blacksburg, Virginia, United States
Zurich, Canton of Zurich, Switzerland
Toronto, Ontario, Canada
College Park, Maryland, United States
New York, New York, United States
Philadelphia, Pennsylvania, United States
Philadelphia, Pennsylvania, United States
New York, New York, United States
Pittsburgh, Pennsylvania, United States
New York, New York, United States
Glassboro, New Jersey, United States
Philadelphia, Pennsylvania, United States
Philadelphia, Pennsylvania, United States
Toronto, Ontario, Canada
Pittsburgh, Pennsylvania, United States
Champaign, Illinois, United States
New York, New York, United States
Philadelphia, Pennsylvania, United States
New Jersey, United States
Houston, Texas, United States
Pittsburgh, Pennsylvania, United States
New York, New York, United States
Toronto, Ontario, Canada
Carlsbad, California, United States
Urbana, Illinois, United States
Philadelphia, Pennsylvania, United States
Princeton, New Jersey, United States
Philadelphia, Pennsylvania, United States
North Brunswick Township, NJ, US
Bethlehem, Pennsylvania, United States
Pittsburgh, Pennsylvania, United States
Chicago, Illinois, United States
Binghamton, New York, United States
Troy, New York, United States
Pittsburgh, Pennsylvania, United States
Durham, North Carolina, United States
New Haven, Connecticut, United States
Washington, District of Columbia, United States
Florida, United States
Philadelphia, Pennsylvania, United States
Philadelphia, Pennsylvania, United States
Tampa, FL, US
Philadelphia, Pennsylvania, United States
New York, New York, United States
San Francisco, California, United States
Philadelphia, Pennsylvania, United States
Edison, New Jersey, United States
Bangalore, Karnataka, India
Mountain View, California, United States
Philadelphia, Pennsylvania, United States
Toronto, Ontario, Canada
Ithaca, New York, United States
Washington, District of Columbia, United States
New Brunswick, New Jersey, United States
Champaign, Illinois, United States
Boston, Massachusetts, United States
College Park, Maryland, United States
Philadelphia, Pennsylvania, United States
Boston, Massachusetts, United States
Birmingham, Michigan, United States
Rochester, New York, United States
Pittsburgh, Pennsylvania, United States
Edison, New Jersey, United States
Durham, North Carolina, United States
Pittsburgh, Pennsylvania, United States
Philadelphia, Pennsylvania, United States
Stanford, California, United States
Holland, Pennsylvania, United States
Ardmore, Pennsylvania, United States
Atlanta, Georgia, United States
Indianapolis, Indiana, United States
San Francisco, California, United States
Washington, District of Columbia, United States
Cherry Hill, New Jersey, United States
Sunnyvale, California, United States
Philadelphia, Pennsylvania, United States
San Francisco, California, United States
Atlanta, Georgia, United States
Stony Brook, New York, United States
South Hadley, Massachusetts, United States
College Park, Maryland, United States
Austin, Texas, United States
Cambridge, Massachusetts, United States
New York, New York, United States
New York, New York, United States
Cambridge, Massachusetts, United States
New Brunswick, New Jersey, United States
College Station, Texas, United States
Princeton, New Jersey, United States
New Brunswick, New Jersey, United States
Kent, Ohio, United States
New Brunswick, New Jersey, United States
Philadelphia, Pennsylvania, United States
Manchester, England, United Kingdom
Charlottesville, Virginia, United States
South Bend, Indiana, United States
Bethlehem, Pennsylvania, United States
Vancouver, British Columbia, Canada
New Haven, Connecticut, United States
Lebanon, NJ, US
Zurich, Canton of Zurich, Switzerland
Philadelphia, Pennsylvania, United States
New York, New York, United States
Philadelphia, Pennsylvania, United States
Ann Arbor, Michigan, United States
Setauket- East Setauket, New York, United States
Ithaca, New York, United States
Toronto, Ontario, Canada
Pittsburgh, Pennsylvania, United States
Philadelphia, Pennsylvania, United States
New York, New York, United States
Hampden, MA, US
Philadelphia, Pennsylvania, United States
Philadelphia, Pennsylvania, United States
Atlanta, Georgia, United States
Philadelphia, Pennsylvania, United States
Princeton, New Jersey, United States
Philadelphia, Pennsylvania, United States
Durham, North Carolina, United States
West Chester, Pennsylvania, United States
Cambridge, Massachusetts, United States
Boston, Massachusetts, United States
Waterloo, Ontario, Canada
Ann Arbor, Michigan, United States
Williamsburg, Virginia, United States
New York, New York, United States
Ithaca, New York, United States
Pittsburgh, Pennsylvania, United States
Paris, le-de-France, France
Philadelphia, Pennsylvania, United States
Philadelphia, Pennsylvania, United States
Williamsburg, Virginia, United States
Pittsburgh, Pennsylvania, United States
Boston, Massachusetts, United States
Bangalore, Karnataka, India
Stanford, California, United States
Edison, New Jersey, United States
Philadelphia, Pennsylvania, United States
Philadelphia, Pennsylvania, United States
Blacksburg, Virginia, United States
Stanford, California, United States
Barcelona, Catalonia, Spain
Austin, Texas, United States
Waterloo, Ontario, Canada
State College, Pennsylvania, United States
Nashua, New Hampshire, United States
Philadelphia, Pennsylvania, United States
Princeton, New Jersey, United States
Columbia, Missouri, United States
Sunnyvale, California, United States
San Francisco, California, United States
Philadelphia, Pennsylvania, United States
Edison, New Jersey, United States
Sheridan, WY, US
Seattle, Washington, United States
Porto, Porto District, Portugal
Philadelphia, Pennsylvania, United States
Berkeley, California, United States
Binghamton, New York, United States
Blacksburg, Virginia, United States
Rochester, New York, United States
Cincinnati, Ohio, United States
New York, New York, United States
Pittsburgh, Pennsylvania, United States
Boston, Massachusetts, United States
Washington, District of Columbia, United States
Israel
Baltimore, Maryland, United States
Somerville, Massachusetts, United States
Charlottesville, Virginia, United States
Ann Arbor, Michigan, United States
Berkeley, California, United States
Waterloo, Ontario, Canada
Kent, Ohio, United States
Bristol, England, United Kingdom
Toronto, Ontario, Canada
Atlanta, Georgia, United States
Pittsburgh, Pennsylvania, United States
Pittsburgh, Pennsylvania, United States
Philadelphia, Pennsylvania, United States
Dallas, Texas, United States
New Brunswick, New Jersey, United States
Rockville, Maryland, United States
Bethlehem, Pennsylvania, United States
Aarhus, Central Denmark Region, Denmark
New York, New York, United States
Philadelphia, Pennsylvania, United States
Philadelphia, Pennsylvania, United States
San Francisco, California, United States
Washington, District of Columbia, United States
Montreal, Quebec, Canada
Cherry Hill, New Jersey, United States
Berkeley, California, United States
Philadelphia, Pennsylvania, United States
Middletown, Connecticut, United States
Philadelphia, Pennsylvania, United States
Maryland, United States
Cambridge, Massachusetts, United States
Philadelphia, Pennsylvania, United States
Boston, Massachusetts, United States
Fairfax, Virginia, United States
Piscataway Township, New Jersey, United States
State College, Pennsylvania, United States
Los Angeles, California, United States
Philadelphia, Pennsylvania, United States
Charlottesville, Virginia, United States
Porto, Porto District, Portugal
New York, New York, United States
Berkeley, California, United States
Pittsburgh, Pennsylvania, United States
Philadelphia, Pennsylvania, United States
Chester Springs, PA, US
Pittsburgh, Pennsylvania, United States
Waterloo, Ontario, Canada
Philadelphia, Pennsylvania, United States
Waterloo, Ontario, Canada
Charlottesville, Virginia, United States
Philadelphia, Pennsylvania, United States
Austin, Texas, United States
Pittsburgh, Pennsylvania, United States
Waterloo, Ontario, Canada
Philadelphia, Pennsylvania, United States
New Brunswick, New Jersey, United States
Philadelphia, Pennsylvania, United States
Urbana, Illinois, United States
New York, New York, United States
Philadelphia, Pennsylvania, United States
Philadelphia, Pennsylvania, United States
Los Angeles, California, United States
New York, New York, United States
Los Angeles, California, United States
East Brunswick, New Jersey, United States
Rochester, New York, United States
Waterloo, Ontario, Canada
New Hope, PA, US
Montreal, Quebec, Canada
Philadelphia, Pennsylvania, United States
Pittsburgh, PA, US
Toronto, Ontario, Canada
Pittsburgh, Pennsylvania, United States
Philadelphia, Pennsylvania, United States
New York, New York, United States
New York, New York, United States
Philadelphia, Pennsylvania, United States
South Brunswick Township, NJ, US
Santa Clara, California, United States
Waterloo, ON, CA
Pittsburgh, Pennsylvania, United States
Atlanta, Georgia, United States
Philadelphia, Pennsylvania, United States
Philadelphia, Pennsylvania, United States
San Jose, California, United States
Toronto, Ontario, Canada
Troy, New York, United States
Downingtown, PA, US
Brentwood, Tennessee, United States
Waterloo, Ontario, Canada
West Lafayette, Indiana, United States
Seattle, Washington, United States
Philadelphia, Pennsylvania, United States
Troy, New York, United States
Berkeley, California, United States
Pittsburgh, Pennsylvania, United States
New York, New York, United States
New York, New York, United States
Pittsburgh, Pennsylvania, United States
Munich, Bavaria, Germany
Philadelphia, Pennsylvania, United States
Philadelphia, Pennsylvania, United States
Princeton, New Jersey, United States
Waterloo, Ontario, Canada
Atlanta, Georgia, United States
Rockville, Maryland, United States
Princeton, New Jersey, United States
Paramus, New Jersey, United States
Boston, Massachusetts, United States
San Francisco, California, United States
Moscow, Moscow, Russia
Seattle, Washington, United States
Providence, Rhode Island, United States
Cherry Hill, New Jersey, United States
Pittsburgh, Pennsylvania, United States
College Park, Maryland, United States
Philadelphia, Pennsylvania, United States
Austin, Texas, United States
Philadelphia, Pennsylvania, United States
Silver Spring, Maryland, United States
Philadelphia, Pennsylvania, United States
Philadelphia, Pennsylvania, United States
Philadelphia, Pennsylvania, United States
Philadelphia, Pennsylvania, United States
Philadelphia, Pennsylvania, United States
Williamsburg, Virginia, United States
Philadelphia, Pennsylvania, United States
Toronto, Ontario, Canada
Philadelphia, Pennsylvania, United States
Los Angeles, California, United States
Bethlehem, Pennsylvania, United States
Boston, Massachusetts, United States
Austin, Texas, United States
New York, New York, United States
New York, New York, United States
Millburn, New Jersey, United States
Philadelphia, Pennsylvania, United States
Philadelphia, Pennsylvania, United States
Philadelphia, Pennsylvania, United States
Amsterdam, NH, NL
Calgary, Alberta, Canada
Madison, Wisconsin, United States
Pittsburgh, Pennsylvania, United States
Edison, New Jersey, United States
Ridgewood, New Jersey, United States
Hackettstown, New Jersey, United States
Philadelphia, Pennsylvania, United States
Pittsburgh, Pennsylvania, United States
College Park, Maryland, United States
Philadelphia, Pennsylvania, United States
Hamilton, Ontario, Canada
Stony Brook, New York, United States
Philadelphia, Pennsylvania, United States
Singapore
Philadelphia, Pennsylvania, United States
Washington, D.C., District of Columbia, United States
Los Angeles, California, United States
Denton, Texas, United States
Houston, Texas, United States
Philadelphia, Pennsylvania, United States
Philadelphia, Pennsylvania, United States
Champaign, Illinois, United States
New Haven, Connecticut, United States
Houston, Texas, United States
Philadelphia, Pennsylvania, United States
Ithaca, New York, United States
New York, New York, United States
Bethlehem, Pennsylvania, United States
Nashville, Tennessee, United States
Pittsburgh, Pennsylvania, United States
Los Angeles, California, United States
Pittsburgh, Pennsylvania, United States
New York, New York, United States
