New York, New York, United States
New York, New York, United States
New York, New York, United States
San Francisco, California, United States
Menlo Park, California, United States
San Antonio, Texas, United States
New York, New York, United States
London, England, GB
New York, New York, United States
New York, New York, United States
New York, New York, United States
Fremont, California, United States
New York, New York, United States
San Francisco, California, United States
San Francisco, CA, US
New York, New York, United States
New Jersey, United States
Milpitas, California, United States
West Hempstead, New York, United States
New York, New York, United States
Los Angeles, California, United States
Barcelona, CT, ES
New York, New York, United States
College Park, Maryland, United States
San Francisco, California, United States
San Francisco, California, United States
New York, New York, United States
San Francisco, California, United States
Brasilia, DF, BR
Berkeley, California, United States
New York, New York, United States
San Francisco, California, United States
San Francisco, California, United States
Cologne, North Rhine-Westphalia, Germany
California, United States
Manchester, England, United Kingdom
New York, New York, United States
New York, New York, United States
San Francisco, California, United States
New York, New York, United States
Santa Monica, California, United States
Sunnyvale, California, United States
Bentonville, AR, US
New York, New York, United States
New York, New York, United States
Mountain View, California, United States
San Francisco, California, United States
San Francisco, CA, United States
San Francisco, California, United States
Waterloo, Ontario, Canada
San Francisco, California, United States
New York, New York, United States
Southampton, England, GB
Guadalajara, JAL, MX
San Francisco, California, United States
Mountain View, California, United States
Guadalajara, Jalisco, Mexico
San Francisco, CA, US
Bear, Delaware, United States
San Francisco, California, United States
San Mateo, California, United States
United Kingdom
New York, New York, United States
New York, New York, United States
Palo Alto, California, United States
New York, New York, United States
Menlo Park, California, United States
San Francisco, California, United States
Mountain View, California, United States
Mountain View, California, United States
New York, New York, United States
Sunnyvale, California, United States
Trondheim, Sor-Trondelag, NO
San Francisco, California, United States
San Francisco, California, United States
California, United States
New York, New York, United States
San Jose, California, United States
New York, New York, United States
Toronto, ON, CA
New York, New York, United States
Los Angeles, California, United States
San Francisco, California, United States
Santa Clara, California, United States
Amsterdam, North Holland, The Netherlands
Nairobi, Nairobi, Kenya
Nottingham, England, GB
Southampton, England, GB
San Francisco, California, United States
Germantown, Maryland, United States
Hasselt, Flanders, Belgium
Shippensburg, Pennsylvania, United States
San Francisco, California, United States
Aarhus, Central Denmark Region, Denmark
Slough, England, GB
New York, New York, United States
Santa Clara, California, United States
Toronto, Ontario, Canada
New York, New York, United States
New York, New York, United States
Milpitas, California, United States
San Francisco, California, United States
New York, New York, United States
Hyogo Prefecture, JP
San Francisco, California, United States
New York, New York, United States
Farnborough, England, GB
San Francisco, California, United States
Moscow, Moscow, Russia
New York, New York, United States
Santa Clara, California, United States
San Francisco, California, United States
New York, New York, United States
San Francisco, California, United States
San Francisco, California, United States
San Francisco, California, United States
New York, New York, United States
San Francisco, California, United States
New York, New York, United States
San Francisco, California, United States
De Haan, Flanders, BE
New York, New York, United States
San Francisco, California, United States
Atlanta, Georgia, United States
London Borough of Southwark, England, GB
New York, New York, United States
Oakland, California, United States
Dublin, Dublin, Ireland
San Jose, California, United States
Liverpool, England, United Kingdom
Isle of Man
Santa Clara, California, United States
New York, New York, United States
Oakland, California, United States
Greece
San Francisco, California, United States
San Francisco, California, United States
San Francisco, CA, US
Gothenburg, Sweden
Boston, Massachusetts, United States
New York, New York, United States
Sunnyvale, California, United States
San Carlos, California, United States
San Francisco, California, United States
Bulgaria
New York, New York, United States
San Jose, California, United States
San Francisco, California, United States
Sunnyvale, California, United States
New York, New York, United States
Hatfield, England, GB
Los Angeles, CA, US
New York, New York, United States
San Francisco, California, United States
New York, New York, United States
New York, New York, United States
San Leandro, California, United States
San Jose, California, United States
San Francisco, California, United States
San Francisco, California, United States
New York, New York, United States
New York, New York, United States
New York, New York, United States
San Jose, California, United States
Winston-Salem, North Carolina, United States
San Jose, California, United States
Tokyo, Japan
New York, New York, United States
Palo Alto, California, United States
Burlingame, California, United States
New York, New York, United States
San Francisco, California, United States
San Francisco, California, United States
Oxford, England, GB
San Jose, California, United States
New York, New York, United States
Amsterdam, North Holland, The Netherlands
Manchester, England, United Kingdom
New York, New York, United States
Ann Arbor, Michigan, United States
Bethpage, New York, United States
San Francisco, California, United States
San Francisco, California, United States
Sunnyvale, California, United States
New York, New York, United States
Berkeley, California, United States
Manchester, England, United Kingdom
Santa Clara, California, United States
Fayetteville, Arkansas, United States
Minneapolis, Minnesota, United States
San Francisco, California, United States
Foster City, California, United States
Menlo Park, California, United States
New York, New York, United States
Atlanta, Georgia, United States
New York, New York, United States
San Jose, California, United States
San Francisco, California, United States
New York, New York, United States
Columbus, Ohio, United States
Turin, Piedmont, Italy
Oxford, England, GB
New York, New York, United States
New York, New York, United States
Oxford, England, GB
Mexico City, Federal District, Mexico
San Mateo, California, United States
Mountain View, California, United States
Lancaster, England, United Kingdom
Genoa, Liguria, Italy
Zwijndrecht, ZH, NL
San Francisco, California, United States
New York, New York, United States
San Francisco, California, United States
San Francisco, California, United States
Saratoga, California, United States
San Francisco, California, United States
Manchester, England, United Kingdom
Philadelphia, Pennsylvania, United States
San Francisco, California, United States
San Francisco, CA, US
Castro Valley, California, United States
Pleasanton, California, United States
Buenos Aires, CABA, AR
Concord, California, United States
Boulder, Colorado, United States
Lund, Skåne County, Sweden
College Park, Maryland, United States
Berkeley, California, United States
New York, New York, United States
Bulgaria
San Francisco, California, United States
Edinburgh, Scotland, United Kingdom
San Francisco, California, United States
San Francisco, California, United States
Brooklyn, NY, US
Minneapolis, Minnesota, United States
New Jersey, United States
New York, New York, United States
San Francisco, California, United States
San Francisco, California, United States
Boston, Massachusetts, United States
Austin, Texas, United States
Fremont, California, United States
Santa Barbara, California, United States
Tokyo, Japan
San Francisco, California, United States
Berlin, Berlin, Germany
Ghent, Flanders, Belgium
Fremont, California, United States
Japan
San Francisco, California, United States
San Francisco, California, United States
San Francisco, California, United States
San Francisco, California, United States
New York, New York, United States
San Francisco, California, United States
Nacogdoches, Texas, United States
South San Francisco, CA, US
New York, New York, United States
San Francisco, California, United States
Mexico City, Federal District, Mexico
New York, New York, United States
Bangalore, Karnataka, India
Bangalore, Karnataka, India
San Francisco, California, United States
Mountain View, California, United States
Palo Alto, California, United States
Manchester, England, United Kingdom
Burlingame, California, United States
San Francisco, California, United States
New York, United States
San Francisco, California, United States
Madrid, Community of Madrid, Spain
San Francisco, California, United States
Buenos Aires, Argentina
New York, New York, United States
San Francisco, California, United States
San Francisco, California, United States
New York, New York, United States
New York, New York, United States
Irvine, California, United States
Philadelphia, Pennsylvania, United States
Dallas, Texas, United States
Tempe, Arizona, United States
Berkeley, California, United States
New York, New York, United States
Walnut Creek, California, United States
San Francisco, California, United States
Manchester, England, United Kingdom
New York, New York, United States
New York, New York, United States
New Haven, Connecticut, United States
New York, New York, United States
Berkeley, California, United States
Foster City, California, United States
San Jose, California, United States
San Francisco, California, United States
New York, New York, United States
San Francisco, California, United States
San Francisco, California, United States
San Francisco, California, United States
San Francisco, California, United States
Montreal, Quebec, Canada
Dublin, Dublin, Ireland
Alameda, California, United States
San Francisco, California, United States
New York, New York, United States
Princeton, New Jersey, United States
Palo Alto, California, United States
Montreal, Quebec, Canada
San Jose, California, United States
Houston, Texas, United States
San Francisco, California, United States
Sunnyvale, California, United States
San Jose, California, United States
San Francisco, California, United States
United States
Cardiff, Wales, GB
Austin, Texas, United States
Wrexham, Wales, GB
Washington, District of Columbia, United States
California, United States
New York, New York, United States
Hasselt, Flanders, Belgium
Santa Clara, California, United States
New York, New York, United States
Santo Domingo, Santo Domingo Province, Dominican Republic
New York, New York, United States
London Borough of Islington, England, GB
Durham, North Carolina, United States
Austin, Texas, United States
San Francisco, California, United States
Redwood City, California, United States
Reading, England, GB
Southampton, England, GB
Gdansk, Pomeranian Voivodeship, Poland
New York, New York, United States
Washington, District of Columbia, United States
New York, New York, United States
San Francisco, California, United States
San Francisco, CA, US
Burlingame, California, United States
Palo Alto, California, United States
New York, New York, United States
California, United States
Rochester, New York, United States
Castro Valley, California, United States
Ramsbottom, England, GB
San Francisco, California, United States
New York, New York, United States
Edison, New Jersey, United States
San Francisco, California, United States
San Francisco, California, United States
Dallas, Texas, United States
New York, New York, United States
Joinville, SC, BR
London, England, GB
Sunnyvale, California, United States
San Francisco, California, United States
Sweden
Newcastle upon Tyne, England, United Kingdom
New York, New York, United States
New York, New York, United States
New York, New York, United States
San Francisco, California, United States
San Francisco, California, United States
California, United States
Palo Alto, California, United States
Dublin, Dublin, Ireland
New York, New York, United States
Athens, Attica, Greece
New York, New York, United States
New York, New York, United States
Santa Monica, California, United States
New York, New York, United States
Bangalore, Karnataka, India
New York, New York, United States
Singapore
San Francisco, California, United States
Palo Alto, California, United States
Palo Alto, California, United States
New York, New York, United States
New York, New York, United States
New York, New York, United States
Mountain View, California, United States
New York, New York, United States
San Francisco, California, United States
Tokyo, Japan
Palo Alto, California, United States
New York, New York, United States
Los Angeles, California, United States
San Francisco, California, United States
Santa Barbara, California, United States
Oxford, England, GB
Bethlehem, Pennsylvania, United States
San Carlos, California, United States
Palo Alto, California, United States
Los Angeles, California, United States
San Francisco, California, United States
London, England, GB
Rennes, Brittany, France
San Francisco, California, United States
New York, New York, United States
Mountain View, California, United States
California, United States
Santa Clara, California, United States
New Brunswick, New Jersey, United States
Fort Lee, New Jersey, United States
San Francisco, California, United States
San Francisco, California, United States
Palo Alto, California, United States
New York, New York, United States
Atlanta, Georgia, United States
Sunnyvale, California, United States
New York, New York, United States
San Francisco, California, United States
Mountain View, California, United States
San Francisco, California, United States
New York, New York, United States
Southampton, England, GB
Rochester, New York, United States
New York, New York, United States
CA, US
Monmouth Beach, New Jersey, United States
Berkeley, California, United States
Fremont, California, United States
New York, New York, United States
San Francisco, California, United States
Mountain View, California, United States
Santa Clara, California, United States
Boston, Massachusetts, United States
San Francisco, California, United States
San Francisco, California, United States
Santa Monica, California, United States
Glendale, California, United States
Isle of Man
Santiago de Querétaro, Querétaro, Mexico
Edinburgh, Scotland, United Kingdom
San Francisco, California, United States
San Diego, California, United States
San Francisco, California, United States
Rochester, New York, United States
San Mateo, California, United States
Cardiff, Wales, GB
Mountain View, California, United States
Ghent, Flanders, Belgium
California, United States
New York, New York, United States
Sunnyvale, California, United States
San Francisco, California, United States
Manchester, England, United Kingdom
Los Angeles, California, United States
Joinville, Santa Catarina, Brazil
New York, New York, United States
Sunnyvale, California, United States
Cardiff, Wales, GB
Berkeley, California, United States
Sunnyvale, California, United States
Cardiff, Wales, GB
San Francisco, California, United States
London, England, GB
San Francisco, CA, US
San Francisco, California, United States
Santa Clara, California, United States
Detroit, Michigan, United States
New York, New York, United States
New York, New York, United States
Cambridge, England, GB
Munich, Bavaria, Germany
Athens, Attica, Greece
New York, New York, United States
Los Angeles, California, United States
San Francisco, California, United States
Isle of Man
San Francisco, California, United States
New York, New York, United States
New York, New York, United States
New York, New York, United States
San Francisco, California, United States
New York, New York, United States
New York, New York, United States
New York, New York, United States
New York, New York, United States
New York, New York, United States
San Francisco, California, United States
Sao Paulo, SP, BR
San Francisco, California, United States
New York, New York, United States
Birmingham, England, United Kingdom
New York, New York, United States
Tokyo, Japan
London, United Kingdom
San Francisco, California, United States
Redwood City, California, United States
New York, New York, United States
Amsterdam, North Holland, The Netherlands
New York, New York, United States
Burlingame, California, United States
Mountain View, California, United States
San Jose, California, United States
San Diego, California, United States
New York, New York, United States
New Windsor, New York, United States
Mountain View, California, United States
San Jose, California, United States
New York, New York, United States
Menlo Park, California, United States
Antwerp, Flanders, Belgium
New York, New York, United States
Barcelona, Catalonia, Spain
Mountain View, California, United States
San Francisco, California, United States
New York, New York, United States
Seattle, Washington, United States
Sheffield, England, United Kingdom
Walnut Creek, California, United States
Fremont, California, United States
San Jose, California, United States
Hasselt, Flanders, Belgium
New York, New York, United States
Croydon, England, GB
Los Angeles, California, United States
Manchester, England, United Kingdom
San Francisco, California, United States
New York, New York, United States
Ridgewood, New Jersey, United States
Pleasanton, California, United States
San Francisco, California, United States
New York, New York, United States
Philadelphia, Pennsylvania, United States
San Jose, California, United States
San Jose, California, United States
Mountain View, California, United States
Oakland, California, United States
Toronto, Ontario, Canada
Sacramento, California, United States
Joinville, Santa Catarina, Brazil
Buenos Aires, Argentina
San Juan, San Juan, Puerto Rico
San Francisco, California, United States
Hollywood, Florida, United States
New York, New York, United States
Edinburgh, Scotland, United Kingdom
New York, New York, United States
San Francisco, California, United States
Hasselt, Flanders, Belgium
New York, New York, United States
San Ramon, California, United States
New York, New York, United States
San Francisco, California, United States
Nottingham, England, GB
San Francisco, California, United States
Barcelona, Catalonia, Spain
New York, New York, United States
Los Angeles, California, United States
New York, New York, United States
Mountain View, California, United States
